{
	"parent": "item/generated",
	"textures": {
		"layer0": "item/carrot_on_a_stick"
	},
	
	"overrides": [
		{"predicate": {"custom_model_data":1}, "model": "item/carrot_on_a_stick/1"},
		{"predicate": {"custom_model_data":2}, "model": "item/carrot_on_a_stick/2"},
		{"predicate": {"custom_model_data":3}, "model": "item/carrot_on_a_stick/3"},
		{"predicate": {"custom_model_data":4}, "model": "item/carrot_on_a_stick/4"},
		{"predicate": {"custom_model_data":5}, "model": "item/carrot_on_a_stick/5"},
		{"predicate": {"custom_model_data":6}, "model": "item/carrot_on_a_stick/6"},
		{"predicate": {"custom_model_data":8}, "model": "item/carrot_on_a_stick/8"},
		{"predicate": {"custom_model_data":11}, "model": "item/carrot_on_a_stick/11"},
		{"predicate": {"custom_model_data":12}, "model": "item/carrot_on_a_stick/12"},
		{"predicate": {"custom_model_data":13}, "model": "item/carrot_on_a_stick/13"},
		{"predicate": {"custom_model_data":14}, "model": "item/carrot_on_a_stick/14"},
		{"predicate": {"custom_model_data":15}, "model": "item/carrot_on_a_stick/15"},
		{"predicate": {"custom_model_data":16}, "model": "item/carrot_on_a_stick/16"},
		{"predicate": {"custom_model_data":18}, "model": "item/carrot_on_a_stick/18"},
		{"predicate": {"custom_model_data":19}, "model": "item/carrot_on_a_stick/20"},
		{"predicate": {"custom_model_data":20}, "model": "item/carrot_on_a_stick/21"},
            	{"predicate": {"custom_model_data":22}, "model": "item/carrot_on_a_stick/22"},
				{"predicate": {"custom_model_data":23}, "model": "item/carrot_on_a_stick/23"},
                {"predicate": {"custom_model_data":24}, "model": "item/carrot_on_a_stick/24"},
                {"predicate": {"custom_model_data":26}, "model": "item/carrot_on_a_stick/26"},
                {"predicate": {"custom_model_data":28}, "model": "item/carrot_on_a_stick/28"},
                {"predicate": {"custom_model_data":30}, "model": "item/carrot_on_a_stick/30"},
                {"predicate": {"custom_model_data":32}, "model": "item/carrot_on_a_stick/32"},
		{"predicate": {"custom_model_data":34}, "model": "item/carrot_on_a_stick/34"},
                {"predicate": {"custom_model_data":42}, "model": "item/carrot_on_a_stick/42"},
                {"predicate": {"custom_model_data":44}, "model": "item/carrot_on_a_stick/44"},
                {"predicate": {"custom_model_data":46}, "model": "item/carrot_on_a_stick/46"},
                {"predicate": {"custom_model_data":48}, "model": "item/carrot_on_a_stick/48"},
                {"predicate": {"custom_model_data":50}, "model": "item/carrot_on_a_stick/50"},
                {"predicate": {"custom_model_data":52}, "model": "item/carrot_on_a_stick/52"},
		{"predicate": {"custom_model_data":54}, "model": "item/carrot_on_a_stick/54"},
                {"predicate": {"custom_model_data":62}, "model": "item/carrot_on_a_stick/62"},
                {"predicate": {"custom_model_data":64}, "model": "item/carrot_on_a_stick/64"},
                {"predicate": {"custom_model_data":66}, "model": "item/carrot_on_a_stick/66"},
                {"predicate": {"custom_model_data":68}, "model": "item/carrot_on_a_stick/68"},
                {"predicate": {"custom_model_data":70}, "model": "item/carrot_on_a_stick/70"},
                {"predicate": {"custom_model_data":72}, "model": "item/carrot_on_a_stick/72"},
		{"predicate": {"custom_model_data":74}, "model": "item/carrot_on_a_stick/74"},
                {"predicate": {"custom_model_data":82}, "model": "item/carrot_on_a_stick/82"},
                {"predicate": {"custom_model_data":84}, "model": "item/carrot_on_a_stick/84"},
                {"predicate": {"custom_model_data":86}, "model": "item/carrot_on_a_stick/86"},
                {"predicate": {"custom_model_data":88}, "model": "item/carrot_on_a_stick/88"},
                {"predicate": {"custom_model_data":90}, "model": "item/carrot_on_a_stick/90"},
                {"predicate": {"custom_model_data":92}, "model": "item/carrot_on_a_stick/92"},
		{"predicate": {"custom_model_data":94}, "model": "item/carrot_on_a_stick/94"},
		{"predicate": {"custom_model_data":96}, "model": "item/carrot_on_a_stick/96"}
	]
}