{"providers": [
{ "type":"bitmap","file":"server:icons/speed.png","ascent":7,"height":14,"chars": ["ீ"]},
{ "type":"bitmap","file":"server:icons/life.png","ascent":7,"height":14,"chars": ["ு"]},
{ "type":"bitmap","file":"server:icons/fire.png","ascent":7,"height":14,"chars": ["௃"]},
{ "type":"bitmap","file":"server:icons/flux.png","ascent":7,"height":14,"chars": ["௄"]},
{ "type":"bitmap","file":"server:icons/puff.png","ascent":7,"height":14,"chars": ["௅"]},
{ "type":"bitmap","file":"server:icons/str.png","ascent":7,"height":14,"chars": ["ெ"]},
{ "type":"bitmap","file":"server:icons/astra.png","ascent":7,"height":14,"chars": ["ே"]},
{ "type":"bitmap","file":"server:icons/golden.png","ascent":8,"height":15,"chars": ["ி"]},
{ "type":"bitmap","file":"server:icons/wealth.png","ascent":7,"height":14,"chars": ["ை"]}
]}
